data,data_ref,ano,mes,taxa_string,taxa
1964-10-01,1964-10,1964,10,"10.000,00","10000,0"
1964-11-01,1964-11,1964,11,"10.000,00","10000,0"
1964-12-01,1964-12,1964,12,"10.000,00","10000,0"
1965-01-01,1965-01,1965,1,"11.300,00","11300,0"
1965-02-01,1965-02,1965,2,"11.300,00","11300,0"
1965-03-01,1965-03,1965,3,"11.300,00","11300,0"
1965-04-01,1965-04,1965,4,"13.400,00","13400,0"
1965-05-01,1965-05,1965,5,"13.400,00","13400,0"
1965-06-01,1965-06,1965,6,"13.400,00","13400,0"
1965-07-01,1965-07,1965,7,"15.200,00","15200,0"
1965-08-01,1965-08,1965,8,"15.200,00","15200,0"
1965-09-01,1965-09,1965,9,"15.700,00","15700,0"
1965-10-01,1965-10,1965,10,"15.900,00","15900,0"
1965-11-01,1965-11,1965,11,"16.050,00","16050,0"
1965-12-01,1965-12,1965,12,"16.300,00","16300,0"
1966-01-01,1966-01,1966,1,"16.600,00","16600,0"
1966-02-01,1966-02,1966,2,"17.050,00","17050,0"
1966-03-01,1966-03,1966,3,"17.300,00","17300,0"
1966-04-01,1966-04,1966,4,"17.600,00","17600,0"
1966-05-01,1966-05,1966,5,"18.280,00","18280,0"
1966-06-01,1966-06,1966,6,"19.090,00","19090,0"
1966-07-01,1966-07,1966,7,"19.870,00","19870,0"
1966-08-01,1966-08,1966,8,"20.430,00","20430,0"
1966-09-01,1966-09,1966,9,"21.010,00","21010,0"
1966-10-01,1966-10,1966,10,"21.610,00","21610,0"
1966-11-01,1966-11,1966,11,"22.180,00","22180,0"
1966-12-01,1966-12,1966,12,"22.690,00","22690,0"
1967-01-01,1967-01,1967,1,"23.230,00","23230,0"
1967-02-01,1967-02,1967,2,"23,78","23,78"
1967-03-01,1967-03,1967,3,"24,28","24,28"
1967-04-01,1967-04,1967,4,"24,64","24,64"
1967-05-01,1967-05,1967,5,"25,01","25,01"
1967-06-01,1967-06,1967,6,"25,46","25,46"
1967-07-01,1967-07,1967,7,"26,18","26,18"
1967-08-01,1967-08,1967,8,"26,84","26,84"
1967-09-01,1967-09,1967,9,"27,25","27,25"
1967-10-01,1967-10,1967,10,"27,38","27,38"
1967-11-01,1967-11,1967,11,"27,57","27,57"
1967-12-01,1967-12,1967,12,"27,96","27,96"
1968-01-01,1968-01,1968,1,"28,48","28,48"
1968-02-01,1968-02,1968,2,"28,98","28,98"
1968-03-01,1968-03,1968,3,"29,40","29,4"
1968-04-01,1968-04,1968,4,"29,83","29,83"
1968-05-01,1968-05,1968,5,"30,39","30,39"
1968-06-01,1968-06,1968,6,"31,20","31,2"
1968-07-01,1968-07,1968,7,"32,09","32,09"
1968-08-01,1968-08,1968,8,"32,81","32,81"
1968-09-01,1968-09,1968,9,"33,41","33,41"
1968-10-01,1968-10,1968,10,"33,88","33,88"
1968-11-01,1968-11,1968,11,"34,39","34,39"
1968-12-01,1968-12,1968,12,"34,95","34,95"
1969-01-01,1969-01,1969,1,"35,62","35,62"
1969-02-01,1969-02,1969,2,"36,27","36,27"
1969-03-01,1969-03,1969,3,"36,91","36,91"
1969-04-01,1969-04,1969,4,"37,43","37,43"
1969-05-01,1969-05,1969,5,"38,01","38,01"
1969-06-01,1969-06,1969,6,"38,48","38,48"
1969-07-01,1969-07,1969,7,"39,00","39,0"
1969-08-01,1969-08,1969,8,"39,27","39,27"
1969-09-01,1969-09,1969,9,"39,56","39,56"
1969-10-01,1969-10,1969,10,"39,92","39,92"
1969-11-01,1969-11,1969,11,"40,57","40,57"
1969-12-01,1969-12,1969,12,"41,42","41,42"
1970-01-01,1970-01,1970,1,"42,35","42,35"
1970-02-01,1970-02,1970,2,"43,30","43,3"
1970-03-01,1970-03,1970,3,"44,17","44,17"
1970-04-01,1970-04,1970,4,"44,67","44,67"
1970-05-01,1970-05,1970,5,"45,08","45,08"
1970-06-01,1970-06,1970,6,"45,50","45,5"
1970-07-01,1970-07,1970,7,"46,20","46,2"
1970-08-01,1970-08,1970,8,"46,61","46,61"
1970-09-01,1970-09,1970,9,"47,05","47,05"
1970-10-01,1970-10,1970,10,"47,61","47,61"
1970-11-01,1970-11,1970,11,"48,51","48,51"
1970-12-01,1970-12,1970,12,"49,54","49,54"
1971-01-01,1971-01,1971,1,"50,51","50,51"
1971-02-01,1971-02,1971,2,"51,44","51,44"
1971-03-01,1971-03,1971,3,"52,12","52,12"
1971-04-01,1971-04,1971,4,"52,64","52,64"
1971-05-01,1971-05,1971,5,"53,25","53,25"
1971-06-01,1971-06,1971,6,"54,01","54,01"
1971-07-01,1971-07,1971,7,"55,08","55,08"
1971-08-01,1971-08,1971,8,"56,18","56,18"
1971-09-01,1971-09,1971,9,"57,36","57,36"
1971-10-01,1971-10,1971,10,"58,61","58,61"
1971-11-01,1971-11,1971,11,"59,79","59,79"
1971-12-01,1971-12,1971,12,"60,77","60,77"
1972-01-01,1972-01,1972,1,"61,52","61,52"
1972-02-01,1972-02,1972,2,"62,26","62,26"
1972-03-01,1972-03,1972,3,"63,09","63,09"
1972-04-01,1972-04,1972,4,"63,81","63,81"
1972-05-01,1972-05,1972,5,"64,66","64,66"
1972-06-01,1972-06,1972,6,"65,75","65,75"
1972-07-01,1972-07,1972,7,"66,93","66,93"
1972-08-01,1972-08,1972,8,"67,89","67,89"
1972-09-01,1972-09,1972,9,"68,46","68,46"
1972-10-01,1972-10,1972,10,"68,95","68,95"
1972-11-01,1972-11,1972,11,"69,61","69,61"
1972-12-01,1972-12,1972,12,"70,07","70,07"
1973-01-01,1973-01,1973,1,"70,87","70,87"
1973-02-01,1973-02,1973,2,"71,57","71,57"
1973-03-01,1973-03,1973,3,"72,32","72,32"
1973-04-01,1973-04,1973,4,"73,19","73,19"
1973-05-01,1973-05,1973,5,"74,03","74,03"
1973-06-01,1973-06,1973,6,"74,97","74,97"
1973-07-01,1973-07,1973,7,"75,80","75,8"
1973-08-01,1973-08,1973,8,"76,48","76,48"
1973-09-01,1973-09,1973,9,"77,12","77,12"
1973-10-01,1973-10,1973,10,"77,87","77,87"
1973-11-01,1973-11,1973,11,"78,40","78,4"
1973-12-01,1973-12,1973,12,"79,07","79,07"
1974-01-01,1974-01,1974,1,"80,62","80,62"
1974-02-01,1974-02,1974,2,"81,47","81,47"
1974-03-01,1974-03,1974,3,"82,69","82,69"
1974-04-01,1974-04,1974,4,"83,73","83,73"
1974-05-01,1974-05,1974,5,"85,10","85,1"
1974-06-01,1974-06,1974,6,"86,91","86,91"
1974-07-01,1974-07,1974,7,"89,80","89,8"
1974-08-01,1974-08,1974,8,"93,75","93,75"
1974-09-01,1974-09,1974,9,"98,22","98,22"
1974-10-01,1974-10,1974,10,"101,90","101,9"
1974-11-01,1974-11,1974,11,"104,10","104,1"
1974-12-01,1974-12,1974,12,"105,41","105,41"
1975-01-01,1975-01,1975,1,"106,76","106,76"
1975-02-01,1975-02,1975,2,"108,38","108,38"
1975-03-01,1975-03,1975,3,"110,18","110,18"
1975-04-01,1975-04,1975,4,"112,25","112,25"
1975-05-01,1975-05,1975,5,"114,49","114,49"
1975-06-01,1975-06,1975,6,"117,13","117,13"
1975-07-01,1975-07,1975,7,"119,27","119,27"
1975-08-01,1975-08,1975,8,"121,31","121,31"
1975-09-01,1975-09,1975,9,"123,20","123,2"
1975-10-01,1975-10,1975,10,"125,70","125,7"
1975-11-01,1975-11,1975,11,"128,43","128,43"
1975-12-01,1975-12,1975,12,"130,93","130,93"
1976-01-01,1976-01,1976,1,"133,34","133,34"
1976-02-01,1976-02,1976,2,"135,90","135,9"
1976-03-01,1976-03,1976,3,"138,94","138,94"
1976-04-01,1976-04,1976,4,"142,24","142,24"
1976-05-01,1976-05,1976,5,"145,83","145,83"
1976-06-01,1976-06,1976,6,"150,17","150,17"
1976-07-01,1976-07,1976,7,"154,60","154,6"
1976-08-01,1976-08,1976,8,"158,55","158,55"
1976-09-01,1976-09,1976,9,"162,97","162,97"
1976-10-01,1976-10,1976,10,"168,33","168,33"
1976-11-01,1976-11,1976,11,"174,40","174,4"
1976-12-01,1976-12,1976,12,"179,68","179,68"
1977-01-01,1977-01,1977,1,"183,65","183,65"
1977-02-01,1977-02,1977,2,"186,83","186,83"
1977-03-01,1977-03,1977,3,"190,51","190,51"
1977-04-01,1977-04,1977,4,"194,83","194,83"
1977-05-01,1977-05,1977,5,"200,45","200,45"
1977-06-01,1977-06,1977,6,"206,90","206,9"
1977-07-01,1977-07,1977,7,"213,80","213,8"
1977-08-01,1977-08,1977,8,"219,51","219,51"
1977-09-01,1977-09,1977,9,"224,01","224,01"
1977-10-01,1977-10,1977,10,"227,15","227,15"
1977-11-01,1977-11,1977,11,"230,30","230,3"
1977-12-01,1977-12,1977,12,"233,74","233,74"
1978-01-01,1978-01,1978,1,"238,32","238,32"
1978-02-01,1978-02,1978,2,"243,35","243,35"
1978-03-01,1978-03,1978,3,"248,99","248,99"
1978-04-01,1978-04,1978,4,"255,41","255,41"
1978-05-01,1978-05,1978,5,"262,87","262,87"
1978-06-01,1978-06,1978,6,"270,88","270,88"
1978-07-01,1978-07,1978,7,"279,04","279,04"
1978-08-01,1978-08,1978,8,"287,58","287,58"
1978-09-01,1978-09,1978,9,"295,57","295,57"
1978-10-01,1978-10,1978,10,"303,29","303,29"
1978-11-01,1978-11,1978,11,"310,49","310,49"
1978-12-01,1978-12,1978,12,"318,44","318,44"
1979-01-01,1979-01,1979,1,"326,82","326,82"
1979-02-01,1979-02,1979,2,"334,20","334,2"
1979-03-01,1979-03,1979,3,"341,97","341,97"
1979-04-01,1979-04,1979,4,"350,51","350,51"
1979-05-01,1979-05,1979,5,"363,64","363,64"
1979-06-01,1979-06,1979,6,"377,54","377,54"
1979-07-01,1979-07,1979,7,"390,10","390,1"
1979-08-01,1979-08,1979,8,"400,71","400,71"
1979-09-01,1979-09,1979,9,"412,24","412,24"
1979-10-01,1979-10,1979,10,"428,80","428,8"
1979-11-01,1979-11,1979,11,"448,47","448,47"
1979-12-01,1979-12,1979,12,"468,71","468,71"
1980-01-01,1980-01,1980,1,"487,83","487,83"
1980-02-01,1980-02,1980,2,"508,33","508,33"
1980-03-01,1980-03,1980,3,"527,14","527,14"
1980-04-01,1980-04,1980,4,"546,64","546,64"
1980-05-01,1980-05,1980,5,"566,86","566,86"
1980-06-01,1980-06,1980,6,"586,13","586,13"
1980-07-01,1980-07,1980,7,"604,89","604,89"
1980-08-01,1980-08,1980,8,"624,25","624,25"
1980-09-01,1980-09,1980,9,"644,23","644,23"
1980-10-01,1980-10,1980,10,"663,56","663,56"
1980-11-01,1980-11,1980,11,"684,79","684,79"
1980-12-01,1980-12,1980,12,"706,70","706,7"
1981-01-01,1981-01,1981,1,"738,50","738,5"
1981-02-01,1981-02,1981,2,"775,43","775,43"
1981-03-01,1981-03,1981,3,"825,83","825,83"
1981-04-01,1981-04,1981,4,"877,86","877,86"
1981-05-01,1981-05,1981,5,"930,53","930,53"
1981-06-01,1981-06,1981,6,"986,36","986,36"
1981-07-01,1981-07,1981,7,"1.045,54","1045,54"
1981-08-01,1981-08,1981,8,"1.108,27","1108,27"
1981-09-01,1981-09,1981,9,"1.172,55","1172,55"
1981-10-01,1981-10,1981,10,"1.239,39","1239,39"
1981-11-01,1981-11,1981,11,"1.310,04","1310,04"
1981-12-01,1981-12,1981,12,"1.382,09","1382,09"
1982-01-01,1982-01,1982,1,"1.453,96","1453,96"
1982-02-01,1982-02,1982,2,"1.526,66","1526,66"
1982-03-01,1982-03,1982,3,"1.602,99","1602,99"
1982-04-01,1982-04,1982,4,"1.683,14","1683,14"
1982-05-01,1982-05,1982,5,"1.775,71","1775,71"
1982-06-01,1982-06,1982,6,"1.873,37","1873,37"
1982-07-01,1982-07,1982,7,"1.976,41","1976,41"
1982-08-01,1982-08,1982,8,"2.094,99","2094,99"
1982-09-01,1982-09,1982,9,"2.241,64","2241,64"
1982-10-01,1982-10,1982,10,"2.398,55","2398,55"
1982-11-01,1982-11,1982,11,"2.566,45","2566,45"
1982-12-01,1982-12,1982,12,"2.733,27","2733,27"
1983-01-01,1983-01,1983,1,"2.910,93","2910,93"
1983-02-01,1983-02,1983,2,"3.085,59","3085,59"
1983-03-01,1983-03,1983,3,"3.292,32","3292,32"
1983-04-01,1983-04,1983,4,"3.588,63","3588,63"
1983-05-01,1983-05,1983,5,"3.911,61","3911,61"
1983-06-01,1983-06,1983,6,"4.224,54","4224,54"
1983-07-01,1983-07,1983,7,"4.554,05","4554,05"
1983-08-01,1983-08,1983,8,"4.963,91","4963,91"
1983-09-01,1983-09,1983,9,"5.385,84","5385,84"
1983-10-01,1983-10,1983,10,"5.897,49","5897,49"
1983-11-01,1983-11,1983,11,"6.469,55","6469,55"
1983-12-01,1983-12,1983,12,"7.012,99","7012,99"
1984-01-01,1984-01,1984,1,"7.545,98","7545,98"
1984-02-01,1984-02,1984,2,"8.285,49","8285,49"
1984-03-01,1984-03,1984,3,"9.304,61","9304,61"
1984-04-01,1984-04,1984,4,"10.235,07","10235,07"
1984-05-01,1984-05,1984,5,"11.145,99","11145,99"
1984-06-01,1984-06,1984,6,"12.137,98","12137,98"
1984-07-01,1984-07,1984,7,"13.254,67","13254,67"
1984-08-01,1984-08,1984,8,"14.619,90","14619,9"
1984-09-01,1984-09,1984,9,"16.169,61","16169,61"
1984-10-01,1984-10,1984,10,"17.867,42","17867,42"
1984-11-01,1984-11,1984,11,"20.118,71","20118,71"
1984-12-01,1984-12,1984,12,"22.110,46","22110,46"
1985-01-01,1985-01,1985,1,"24.432,06","24432,06"
1985-02-01,1985-02,1985,2,"27.510,50","27510,5"
1985-03-01,1985-03,1985,3,"30.316,57","30316,57"
1985-04-01,1985-04,1985,4,"34.166,77","34166,77"
1985-05-01,1985-05,1985,5,"38.208,46","38208,46"
1985-06-01,1985-06,1985,6,"42.031,56","42031,56"
1985-07-01,1985-07,1985,7,"45.901,91","45901,91"
1985-08-01,1985-08,1985,8,"49.396,88","49396,88"
1985-09-01,1985-09,1985,9,"53.437,40","53437,4"
1985-10-01,1985-10,1985,10,"58.300,20","58300,2"
1985-11-01,1985-11,1985,11,"63.547,22","63547,22"
1985-12-01,1985-12,1985,12,"70.613,67","70613,67"
1986-01-01,1986-01,1986,1,"80.047,66","80047,66"
1986-02-01,1986-02,1986,2,"93.039,40","93039,4"
1986-03-01,1986-03,1986,3,"106,40","106,4"
1986-04-01,1986-04,1986,4,"106,28","106,28"
1986-05-01,1986-05,1986,5,"107,12","107,12"
1986-06-01,1986-06,1986,6,"108,61","108,61"
1986-07-01,1986-07,1986,7,"109,99","109,99"
1986-08-01,1986-08,1986,8,"111,31","111,31"
1986-09-01,1986-09,1986,9,"113,18","113,18"
1986-10-01,1986-10,1986,10,"115,13","115,13"
1986-11-01,1986-11,1986,11,"117,32","117,32"
1986-12-01,1986-12,1986,12,"121,17","121,17"
1987-01-01,1987-01,1987,1,"129,98","129,98"
1987-02-01,1987-02,1987,2,"151,85","151,85"
1987-03-01,1987-03,1987,3,"181,61","181,61"
1987-04-01,1987-04,1987,4,"207,97","207,97"
1987-05-01,1987-05,1987,5,"251,56","251,56"
1987-06-01,1987-06,1987,6,"310,53","310,53"
1987-07-01,1987-07,1987,7,"366,49","366,49"
1987-08-01,1987-08,1987,8,"377,67","377,67"
1987-09-01,1987-09,1987,9,"401,69","401,69"
1987-10-01,1987-10,1987,10,"424,51","424,51"
1987-11-01,1987-11,1987,11,"463,48","463,48"
1987-12-01,1987-12,1987,12,"522,99","522,99"
1988-01-01,1988-01,1988,1,"596,94","596,94"
1988-02-01,1988-02,1988,2,"695,50","695,5"
1988-03-01,1988-03,1988,3,"820,42","820,42"
1988-04-01,1988-04,1988,4,"951,77","951,77"
1988-05-01,1988-05,1988,5,"1.135,27","1135,27"
1988-06-01,1988-06,1988,6,"1.337,12","1337,12"
1988-07-01,1988-07,1988,7,"1.598,26","1598,26"
1988-08-01,1988-08,1988,8,"1.982,48","1982,48"
1988-09-01,1988-09,1988,9,"2.392,06","2392,06"
1988-10-01,1988-10,1988,10,"2.966,39","2966,39"
1988-11-01,1988-11,1988,11,"3.774,73","3774,73"
1988-12-01,1988-12,1988,12,"4.790,89","4790,89"
1989-01-01,1989-01,1989,1,"6,170000","6,17"
1989-02-01,1989-02,1989,2,"8,805824","8,805824"
1989-03-01,1989-03,1989,3,"9,698734","9,698734"
1989-04-01,1989-04,1989,4,"10,289386","10,289386"
1989-05-01,1989-05,1989,5,"11,041540","11,04154"
1989-06-01,1989-06,1989,6,"12,139069","12,139069"
1989-07-01,1989-07,1989,7,"15,153199","15,153199"
1989-08-01,1989-08,1989,8,"19,511259","19,511259"
1989-09-01,1989-09,1989,9,"25,235862","25,235862"
1989-10-01,1989-10,1989,10,"34,308154","34,308154"
1989-11-01,1989-11,1989,11,"47,214881","47,214881"
1989-12-01,1989-12,1989,12,"66,771284","66,771284"
1990-01-01,1990-01,1990,1,"102,527306","102,527306"
1990-02-01,1990-02,1990,2,"160,055377","160,055377"
1990-03-01,1990-03,1990,3,"276,543680","276,54368"
1990-04-01,1990-04,1990,4,"509,725310","509,72531"
1990-05-01,1990-05,1990,5,"738,082248","738,082248"
1990-06-01,1990-06,1990,6,"796,169320","796,16932"
1990-07-01,1990-07,1990,7,"872,203490","872,20349"
1990-08-01,1990-08,1990,8,"984,892180","984,89218"
1990-09-01,1990-09,1990,9,"1.103,374709","1103,374709"
1990-10-01,1990-10,1990,10,"1.244,165321","1244,165321"
1990-11-01,1990-11,1990,11,"1.420,836796","1420,836796"
1990-12-01,1990-12,1990,12,"1.642,203168","1642,203168"
1991-01-01,1991-01,1991,1,"1.942,726347","1942,726347"
1991-02-01,1991-02,1991,2,"2.329,523162","2329,523162"
1991-03-01,1991-03,1991,3,"2.838,989877","2838,989877"
1991-04-01,1991-04,1991,4,"3.173,706783","3173,706783"
1991-05-01,1991-05,1991,5,"3.332,709492","3332,709492"
1991-06-01,1991-06,1991,6,"3.555,334486","3555,334486"
1991-07-01,1991-07,1991,7,"3.940,377210","3940,37721"
1991-08-01,1991-08,1991,8,"4.418,739003","4418,739003"
1991-09-01,1991-09,1991,9,"5.108,946035","5108,946035"
1991-10-01,1991-10,1991,10,"5.906,963405","5906,963405"
1991-11-01,1991-11,1991,11,"7.152,151290","7152,15129"
1991-12-01,1991-12,1991,12,"9.046,040951","9046,040951"
1992-01-01,1992-01,1992,1,"11.230,659840","11230,65984"
1992-02-01,1992-02,1992,2,"14.141,646870","14141,64687"
1992-03-01,1992-03,1992,3,"17.603,522023","17603,522023"
1992-04-01,1992-04,1992,4,"21.409,403484","21409,403484"
1992-05-01,1992-05,1992,5,"25.871,123170","25871,12317"
1992-06-01,1992-06,1992,6,"32.209,548346","32209,548346"
1992-07-01,1992-07,1992,7,"38.925,239176","38925,239176"
1992-08-01,1992-08,1992,8,"47.519,931986","47519,931986"
1992-09-01,1992-09,1992,9,"58.154,892764","58154,892764"
1992-10-01,1992-10,1992,10,"72.100,436048","72100,436048"
1992-11-01,1992-11,1992,11,"90.897,019725","90897,019725"
1992-12-01,1992-12,1992,12,"111.703,347540","111703,34754"
1993-01-01,1993-01,1993,1,"140.277,063840","140277,06384"
1993-02-01,1993-02,1993,2,"180.634,775106","180634,775106"
1993-03-01,1993-03,1993,3,"225.414,135854","225414,135854"
1993-04-01,1993-04,1993,4,"287.583,354522","287583,354522"
1993-05-01,1993-05,1993,5,"369.170,752199","369170,752199"
1993-06-01,1993-06,1993,6,"468.034,679637","468034,679637"
1993-07-01,1993-07,1993,7,"610.176,811842","610176,811842"
1993-08-01,1993-08,1993,8,"799,392641","799,392641"
1993-09-01,1993-09,1993,9,"1.065,910147","1065,910147"
1993-10-01,1993-10,1993,10,"1.445,693932","1445,693932"
1993-11-01,1993-11,1993,11,"1.938,964701","1938,964701"
1993-12-01,1993-12,1993,12,"2.636,991993","2636,991993"
1994-01-01,1994-01,1994,1,"3.631,929071","3631,929071"
1994-02-01,1994-02,1994,2,"5.132,642163","5132,642163"
1994-03-01,1994-03,1994,3,"7.214,955088","7214,955088"
1994-04-01,1994-04,1994,4,"10.323,157739","10323,157739"
1994-05-01,1994-05,1994,5,"14.747,663145","14747,663145"
1994-06-01,1994-06,1994,6,"21.049,339606","21049,339606"
1994-07-01,1994-07,1994,7,"11,346741","11,346741"
1994-08-01,1994-08,1994,8,"12,036622","12,036622"
1994-09-01,1994-09,1994,9,"12,693821","12,693821"
1994-10-01,1994-10,1994,10,"12,885497","12,885497"
1994-11-01,1994-11,1994,11,"13,125167","13,125167"
1994-12-01,1994-12,1994,12,"13,554359","13,554359"
1995-01-01,1995-01,1995,1,"13,851199","13,851199"
1995-02-01,1995-02,1995,2,"14,082514","14,082514"
1995-03-01,1995-03,1995,3,"14,221930","14,22193"
1995-04-01,1995-04,1995,4,"14,422459","14,422459"
1995-05-01,1995-05,1995,5,"14,699370","14,69937"
1995-06-01,1995-06,1995,6,"15,077143","15,077143"
1995-07-01,1995-07,1995,7,"15,351547","15,351547"
1995-08-01,1995-08,1995,8,"15,729195","15,729195"
1995-09-01,1995-09,1995,9,"15,889632","15,889632"
1995-10-01,1995-10,1995,10,"16,075540","16,07554"
1995-11-01,1995-11,1995,11,"16,300597","16,300597"
1995-12-01,1995-12,1995,12,"16,546736","16,546736"
1996-01-01,1996-01,1996,1,"16,819757","16,819757"
1996-02-01,1996-02,1996,2,"17,065325","17,065325"
1996-03-01,1996-03,1996,3,"17,186488","17,186488"
1996-04-01,1996-04,1996,4,"17,236328","17,236328"
1996-05-01,1996-05,1996,5,"17,396625","17,396625"
1996-06-01,1996-06,1996,6,"17,619301","17,619301"
1996-07-01,1996-07,1996,7,"17,853637","17,853637"
1996-08-01,1996-08,1996,8,"18,067880","18,06788"
1996-09-01,1996-09,1996,9,"18,158219","18,158219"
1996-10-01,1996-10,1996,10,"18,161850","18,16185"
1996-11-01,1996-11,1996,11,"18,230865","18,230865"
1996-12-01,1996-12,1996,12,"18,292849","18,292849"
1997-01-01,1997-01,1997,1,"18,353215","18,353215"
1997-02-01,1997-02,1997,2,"18,501876","18,501876"
1997-03-01,1997-03,1997,3,"18,585134","18,585134"
1997-04-01,1997-04,1997,4,"18,711512","18,711512"
1997-05-01,1997-05,1997,5,"18,823781","18,823781"
1997-06-01,1997-06,1997,6,"18,844487","18,844487"
1997-07-01,1997-07,1997,7,"18,910442","18,910442"
1997-08-01,1997-08,1997,8,"18,944480","18,94448"
1997-09-01,1997-09,1997,9,"18,938796","18,938796"
1997-10-01,1997-10,1997,10,"18,957734","18,957734"
1997-11-01,1997-11,1997,11,"19,012711","19,012711"
1997-12-01,1997-12,1997,12,"19,041230","19,04123"
1998-01-01,1998-01,1998,1,"19,149765","19,149765"
1998-02-01,1998-02,1998,2,"19,312538","19,312538"
1998-03-01,1998-03,1998,3,"19,416825","19,416825"
1998-04-01,1998-04,1998,4,"19,511967","19,511967"
1998-05-01,1998-05,1998,5,"19,599770","19,59977"
1998-06-01,1998-06,1998,6,"19,740888","19,740888"
1998-07-01,1998-07,1998,7,"19,770499","19,770499"
1998-08-01,1998-08,1998,8,"19,715141","19,715141"
1998-09-01,1998-09,1998,9,"19,618536","19,618536"
1998-10-01,1998-10,1998,10,"19,557718","19,557718"
1998-11-01,1998-11,1998,11,"19,579231","19,579231"
1998-12-01,1998-12,1998,12,"19,543988","19,543988"
1999-01-01,1999-01,1999,1,"19,626072","19,626072"
1999-02-01,1999-02,1999,2,"19,753641","19,753641"
1999-03-01,1999-03,1999,3,"20,008462","20,008462"
1999-04-01,1999-04,1999,4,"20,264570","20,26457"
1999-05-01,1999-05,1999,5,"20,359813","20,359813"
1999-06-01,1999-06,1999,6,"20,369992","20,369992"
1999-07-01,1999-07,1999,7,"20,384250","20,38425"
1999-08-01,1999-08,1999,8,"20,535093","20,535093"
1999-09-01,1999-09,1999,9,"20,648036","20,648036"
1999-10-01,1999-10,1999,10,"20,728563","20,728563"
1999-11-01,1999-11,1999,11,"20,927557","20,927557"
1999-12-01,1999-12,1999,12,"21,124276","21,124276"
2000-01-01,2000-01,2000,1,"21,280595","21,280595"
2000-02-01,2000-02,2000,2,"21,410406","21,410406"
2000-03-01,2000-03,2000,3,"21,421111","21,421111"
2000-04-01,2000-04,2000,4,"21,448958","21,448958"
2000-05-01,2000-05,2000,5,"21,468262","21,468262"
2000-06-01,2000-06,2000,6,"21,457527","21,457527"
2000-07-01,2000-07,2000,7,"21,521899","21,521899"
2000-08-01,2000-08,2000,8,"21,821053","21,821053"
2000-09-01,2000-09,2000,9,"22,085087","22,085087"
2000-10-01,2000-10,2000,10,"22,180052","22,180052"
2000-11-01,2000-11,2000,11,"22,215540","22,21554"
2000-12-01,2000-12,2000,12,"22,279965","22,279965"
2001-01-01,2001-01,2001,1,"22,402504","22,402504"
2001-02-01,2001-02,2001,2,"22,575003","22,575003"
2001-03-01,2001-03,2001,3,"22,685620","22,68562"
2001-04-01,2001-04,2001,4,"22,794510","22,79451"
2001-05-01,2001-05,2001,5,"22,985983","22,985983"
2001-06-01,2001-06,2001,6,"23,117003","23,117003"
2001-07-01,2001-07,2001,7,"23,255705","23,255705"
2001-08-01,2001-08,2001,8,"23,513843","23,513843"
2001-09-01,2001-09,2001,9,"23,699602","23,699602"
2001-10-01,2001-10,2001,10,"23,803880","23,80388"
2001-11-01,2001-11,2001,11,"24,027636","24,027636"
2001-12-01,2001-12,2001,12,"24,337592","24,337592"
2002-01-01,2002-01,2002,1,"24,517690","24,51769"
2002-02-01,2002-02,2002,2,"24,780029","24,780029"
2002-03-01,2002-03,2002,3,"24,856847","24,856847"
2002-04-01,2002-04,2002,4,"25,010959","25,010959"
2002-05-01,2002-05,2002,5,"25,181033","25,181033"
2002-06-01,2002-06,2002,6,"25,203695","25,203695"
2002-07-01,2002-07,2002,7,"25,357437","25,357437"
2002-08-01,2002-08,2002,8,"25,649047","25,649047"
2002-09-01,2002-09,2002,9,"25,869628","25,869628"
2002-10-01,2002-10,2002,10,"26,084345","26,084345"
2002-11-01,2002-11,2002,11,"26,493869","26,493869"
2002-12-01,2002-12,2002,12,"27,392011","27,392011"
2003-01-01,2003-01,2003,1,"28,131595","28,131595"
2003-02-01,2003-02,2003,2,"28,826445","28,826445"
2003-03-01,2003-03,2003,3,"29,247311","29,247311"
2003-04-01,2003-04,2003,4,"29,647999","29,647999"
2003-05-01,2003-05,2003,5,"30,057141","30,057141"
2003-06-01,2003-06,2003,6,"30,354706","30,354706"
2003-07-01,2003-07,2003,7,"30,336493","30,336493"
2003-08-01,2003-08,2003,8,"30,348627","30,348627"
2003-09-01,2003-09,2003,9,"30,403254","30,403254"
2003-10-01,2003-10,2003,10,"30,652560","30,65256"
2003-11-01,2003-11,2003,11,"30,772104","30,772104"
2003-12-01,2003-12,2003,12,"30,885960","30,88596"
2004-01-01,2004-01,2004,1,"31,052744","31,052744"
2004-02-01,2004-02,2004,2,"31,310481","31,310481"
2004-03-01,2004-03,2004,3,"31,432591","31,432591"
2004-04-01,2004-04,2004,4,"31,611756","31,611756"
2004-05-01,2004-05,2004,5,"31,741364","31,741364"
2004-06-01,2004-06,2004,6,"31,868329","31,868329"
2004-07-01,2004-07,2004,7,"32,027670","32,02767"
2004-08-01,2004-08,2004,8,"32,261471","32,261471"
2004-09-01,2004-09,2004,9,"32,422778","32,422778"
2004-10-01,2004-10,2004,10,"32,477896","32,477896"
2004-11-01,2004-11,2004,11,"32,533108","32,533108"
2004-12-01,2004-12,2004,12,"32,676253","32,676253"
2005-01-01,2005-01,2005,1,"32,957268","32,957268"
2005-02-01,2005-02,2005,2,"33,145124","33,145124"
2005-03-01,2005-03,2005,3,"33,290962","33,290962"
2005-04-01,2005-04,2005,4,"33,533986","33,533986"
2005-05-01,2005-05,2005,5,"33,839145","33,839145"
2005-06-01,2005-06,2005,6,"34,076019","34,076019"
2005-07-01,2005-07,2005,7,"34,038535","34,038535"
2005-08-01,2005-08,2005,8,"34,048746","34,048746"
2005-09-01,2005-09,2005,9,"34,048746","34,048746"
2005-10-01,2005-10,2005,10,"34,099819","34,099819"
2005-11-01,2005-11,2005,11,"34,297597","34,297597"
2005-12-01,2005-12,2005,12,"34,482804","34,482804"
2006-01-01,2006-01,2006,1,"34,620735","34,620735"
2006-02-01,2006-02,2006,2,"34,752293","34,752293"
2006-03-01,2006-03,2006,3,"34,832223","34,832223"
2006-04-01,2006-04,2006,4,"34,926270","34,92627"
2006-05-01,2006-05,2006,5,"34,968181","34,968181"
2006-06-01,2006-06,2006,6,"35,013639","35,013639"
2006-07-01,2006-07,2006,7,"34,989129","34,989129"
2006-08-01,2006-08,2006,8,"35,027617","35,027617"
2006-09-01,2006-09,2006,9,"35,020611","35,020611"
2006-10-01,2006-10,2006,10,"35,076643","35,076643"
2006-11-01,2006-11,2006,11,"35,227472","35,227472"
2006-12-01,2006-12,2006,12,"35,375427","35,375427"
2007-01-01,2007-01,2007,1,"35,594754","35,594754"
2007-02-01,2007-02,2007,2,"35,769168","35,769168"
2007-03-01,2007-03,2007,3,"35,919398","35,919398"
2007-04-01,2007-04,2007,4,"36,077443","36,077443"
2007-05-01,2007-05,2007,5,"36,171244","36,171244"
2007-06-01,2007-06,2007,6,"36,265289","36,265289"
2007-07-01,2007-07,2007,7,"36,377711","36,377711"
2007-08-01,2007-08,2007,8,"36,494119","36,494119"
2007-09-01,2007-09,2007,9,"36,709434","36,709434"
2007-10-01,2007-10,2007,10,"36,801207","36,801207"
2007-11-01,2007-11,2007,11,"36,911610","36,91161"
2007-12-01,2007-12,2007,12,"37,070329","37,070329"
2008-01-01,2008-01,2008,1,"37,429911","37,429911"
2008-02-01,2008-02,2008,2,"37,688177","37,688177"
2008-03-01,2008-03,2008,3,"37,869080","37,86908"
2008-04-01,2008-04,2008,4,"38,062212","38,062212"
2008-05-01,2008-05,2008,5,"38,305810","38,30581"
2008-06-01,2008-06,2008,6,"38,673545","38,673545"
2008-07-01,2008-07,2008,7,"39,025474","39,025474"
2008-08-01,2008-08,2008,8,"39,251821","39,251821"
2008-09-01,2008-09,2008,9,"39,334249","39,334249"
2008-10-01,2008-10,2008,10,"39,393250","39,39325"
2008-11-01,2008-11,2008,11,"39,590216","39,590216"
2008-12-01,2008-12,2008,12,"39,740658","39,740658"
2009-01-01,2009-01,2009,1,"39,855905","39,855905"
2009-02-01,2009-02,2009,2,"40,110982","40,110982"
2009-03-01,2009-03,2009,3,"40,235326","40,235326"
2009-04-01,2009-04,2009,4,"40,315796","40,315796"
2009-05-01,2009-05,2009,5,"40,537532","40,537532"
2009-06-01,2009-06,2009,6,"40,780757","40,780757"
2009-07-01,2009-07,2009,7,"40,952036","40,952036"
2009-08-01,2009-08,2009,8,"41,046225","41,046225"
2009-09-01,2009-09,2009,9,"41,079061","41,079061"
2009-10-01,2009-10,2009,10,"41,144787","41,144787"
2009-11-01,2009-11,2009,11,"41,243534","41,243534"
2009-12-01,2009-12,2009,12,"41,396135","41,396135"
2010-01-01,2010-01,2010,1,"41,495485","41,495485"
2010-02-01,2010-02,2010,2,"41,860645","41,860645"
2010-03-01,2010-03,2010,3,"42,153669","42,153669"
2010-04-01,2010-04,2010,4,"42,452960","42,45296"
2010-05-01,2010-05,2010,5,"42,762866","42,762866"
2010-06-01,2010-06,2010,6,"42,946746","42,946746"
2010-07-01,2010-07,2010,7,"42,899504","42,899504"
2010-08-01,2010-08,2010,8,"42,869474","42,869474"
2010-09-01,2010-09,2010,9,"42,839465","42,839465"
2010-10-01,2010-10,2010,10,"43,070798","43,070798"
2010-11-01,2010-11,2010,11,"43,467049","43,467049"
2010-12-01,2010-12,2010,12,"43,914759","43,914759"
2011-01-01,2011-01,2011,1,"44,178247","44,178247"
2011-02-01,2011-02,2011,2,"44,593522","44,593522"
2011-03-01,2011-03,2011,3,"44,834327","44,834327"
2011-04-01,2011-04,2011,4,"45,130233","45,130233"
2011-05-01,2011-05,2011,5,"45,455170","45,45517"
2011-06-01,2011-06,2011,6,"45,714264","45,714264"
2011-07-01,2011-07,2011,7,"45,814835","45,814835"
2011-08-01,2011-08,2011,8,"45,814835","45,814835"
2011-09-01,2011-09,2011,9,"46,007257","46,007257"
2011-10-01,2011-10,2011,10,"46,214289","46,214289"
2011-11-01,2011-11,2011,11,"46,362174","46,362174"
2011-12-01,2011-12,2011,12,"46,626438","46,626438"
2012-01-01,2012-01,2012,1,"46,864232","46,864232"
2012-02-01,2012-02,2012,2,"47,103239","47,103239"
2012-03-01,2012-03,2012,3,"47,286941","47,286941"
2012-04-01,2012-04,2012,4,"47,372057","47,372057"
2012-05-01,2012-05,2012,5,"47,675238","47,675238"
2012-06-01,2012-06,2012,6,"47,937451","47,937451"
2012-07-01,2012-07,2012,7,"48,062088","48,062088"
2012-08-01,2012-08,2012,8,"48,268754","48,268754"
2012-09-01,2012-09,2012,9,"48,485963","48,485963"
2012-10-01,2012-10,2012,10,"48,791424","48,791424"
2012-11-01,2012-11,2012,11,"49,137843","49,137843"
2012-12-01,2012-12,2012,12,"49,403187","49,403187"
2013-01-01,2013-01,2013,1,"49,768770","49,76877"
2013-02-01,2013-02,2013,2,"50,226642","50,226642"
2013-03-01,2013-03,2013,3,"50,487820","50,48782"
2013-04-01,2013-04,2013,4,"50,790746","50,790746"
2013-05-01,2013-05,2013,5,"51,090411","51,090411"
2013-06-01,2013-06,2013,6,"51,269227","51,269227"
2013-07-01,2013-07,2013,7,"51,412780","51,41278"
2013-08-01,2013-08,2013,8,"51,345943","51,345943"
2013-09-01,2013-09,2013,9,"51,428096","51,428096"
2013-10-01,2013-10,2013,10,"51,566951","51,566951"
2013-11-01,2013-11,2013,11,"51,881509","51,881509"
2013-12-01,2013-12,2013,12,"52,161669","52,161669"
2014-01-01,2014-01,2014,1,"52,537233","52,537233"
2014-02-01,2014-02,2014,2,"52,868217","52,868217"
2014-03-01,2014-03,2014,3,"53,206573","53,206573"
2014-04-01,2014-04,2014,4,"53,642866","53,642866"
2014-05-01,2014-05,2014,5,"54,061280","54,06128"
2014-06-01,2014-06,2014,6,"54,385647","54,385647"
2014-07-01,2014-07,2014,7,"54,527049","54,527049"
2014-08-01,2014-08,2014,8,"54,597934","54,597934"
2014-09-01,2014-09,2014,9,"54,696210","54,69621"
2014-10-01,2014-10,2014,10,"54,964221","54,964221"
2014-11-01,2014-11,2014,11,"55,173085","55,173085"
2014-12-01,2014-12,2014,12,"55,465502","55,465502"
2015-01-01,2015-01,2015,1,"55,809388","55,809388"
2015-02-01,2015-02,2015,2,"56,635366","56,635366"
2015-03-01,2015-03,2015,3,"57,292336","57,292336"
2015-04-01,2015-04,2015,4,"58,157450","58,15745"
2015-05-01,2015-05,2015,5,"58,570367","58,570367"
2015-06-01,2015-06,2015,6,"59,150213","59,150213"
2015-07-01,2015-07,2015,7,"59,605669","59,605669"
2015-08-01,2015-08,2015,8,"59,951381","59,951381"
2015-09-01,2015-09,2015,9,"60,101259","60,101259"
2015-10-01,2015-10,2015,10,"60,407775","60,407775"
2015-11-01,2015-11,2015,11,"60,872914","60,872914"
2015-12-01,2015-12,2015,12,"61,548603","61,548603"
2016-01-01,2016-01,2016,1,"62,102540","62,10254"
2016-02-01,2016-02,2016,2,"63,040288","63,040288"
2016-03-01,2016-03,2016,3,"63,639170","63,63917"
2016-04-01,2016-04,2016,4,"63,919182","63,919182"
2016-05-01,2016-05,2016,5,"64,328264","64,328264"
2016-06-01,2016-06,2016,6,"64,958680","64,95868"
2016-07-01,2016-07,2016,7,"65,263985","65,263985"
2016-08-01,2016-08,2016,8,"65,681674","65,681674"
2016-09-01,2016-09,2016,9,"65,885287","65,885287"
2016-10-01,2016-10,2016,10,"65,937995","65,937995"
2016-11-01,2016-11,2016,11,"66,050089","66,050089"
2016-12-01,2016-12,2016,12,"66,096324","66,096324"
2017-01-01,2017-01,2017,1,"66,188858","66,188858"
2017-02-01,2017-02,2017,2,"66,466851","66,466851"
2017-03-01,2017-03,2017,3,"66,626371","66,626371"
2017-04-01,2017-04,2017,4,"66,839575","66,839575"
2017-05-01,2017-05,2017,5,"66,893046","66,893046"
2017-06-01,2017-06,2017,6,"67,133860","67,13386"
2017-07-01,2017-07,2017,7,"66,932458","66,932458"
2017-08-01,2017-08,2017,8,"67,046243","67,046243"
2017-09-01,2017-09,2017,9,"67,026129","67,026129"
2017-10-01,2017-10,2017,10,"67,012723","67,012723"
2017-11-01,2017-11,2017,11,"67,260670","67,26067"
2017-12-01,2017-12,2017,12,"67,381739","67,381739"
2018-01-01,2018-01,2018,1,"67,556931","67,556931"
2018-02-01,2018-02,2018,2,"67,712311","67,712311"
2018-03-01,2018-03,2018,3,"67,834193","67,834193"
2018-04-01,2018-04,2018,4,"67,881676","67,881676"
2018-05-01,2018-05,2018,5,"68,024227","68,024227"
2018-06-01,2018-06,2018,6,"68,316731","68,316731"
2018-07-01,2018-07,2018,7,"69,293660","69,29366"
2018-08-01,2018-08,2018,8,"69,466894","69,466894"
2018-09-01,2018-09,2018,9,"69,466894","69,466894"
2018-10-01,2018-10,2018,10,"69,675294","69,675294"
2018-11-01,2018-11,2018,11,"69,953995","69,953995"
2018-12-01,2018-12,2018,12,"69,779110","69,77911"
2019-01-01,2019-01,2019,1,"69,876800","69,8768"
2019-02-01,2019-02,2019,2,"70,128356","70,128356"
2019-03-01,2019-03,2019,3,"70,507049","70,507049"
2019-04-01,2019-04,2019,4,"71,049953","71,049953"
2019-05-01,2019-05,2019,5,"71,476252","71,476252"
2019-06-01,2019-06,2019,6,"71,583466","71,583466"
2019-07-01,2019-07,2019,7,"71,590624","71,590624"
2019-08-01,2019-08,2019,8,"71,662214","71,662214"
2019-09-01,2019-09,2019,9,"71,748208","71,748208"
2019-10-01,2019-10,2019,10,"71,712333","71,712333"
2019-11-01,2019-11,2019,11,"71,741017","71,741017"
2019-12-01,2019-12,2019,12,"72,128418","72,128418"
2020-01-01,2020-01,2020,1,"73,008384","73,008384"
2020-02-01,2020-02,2020,2,"73,147099","73,147099"
2020-03-01,2020-03,2020,3,"73,271449","73,271449"
2020-04-01,2020-04,2020,4,"73,403337","73,403337"
2020-05-01,2020-05,2020,5,"73,234509","73,234509"
2020-06-01,2020-06,2020,6,"73,051422","73,051422"
2020-07-01,2020-07,2020,7,"73,270576","73,270576"
2020-08-01,2020-08,2020,8,"73,592966","73,592966"
2020-09-01,2020-09,2020,9,"73,857900","73,8579"
2020-10-01,2020-10,2020,10,"74,500463","74,500463"
2020-11-01,2020-11,2020,11,"75,163517","75,163517"
2020-12-01,2020-12,2020,12,"75,877570","75,87757"
2021-01-01,2021-01,2021,1,"76,985382","76,985382"
2021-02-01,2021-02,2021,2,"77,193242","77,193242"
2021-03-01,2021-03,2021,3,"77,826226","77,826226"
2021-04-01,2021-04,2021,4,"78,495531","78,495531"
2021-05-01,2021-05,2021,5,"78,793814","78,793814"
2021-06-01,2021-06,2021,6,"79,550234","79,550234"
2021-07-01,2021-07,2021,7,"80,027535","80,027535"
2021-08-01,2021-08,2021,8,"80,843815","80,843815"
2021-09-01,2021-09,2021,9,"81,555240","81,55524"
2021-10-01,2021-10,2021,10,"82,533902","82,533902"
2021-11-01,2021-11,2021,11,"83,491295","83,491295"
2021-12-01,2021-12,2021,12,"84,192621","84,192621"
2022-01-01,2022-01,2022,1,"84,807227","84,807227"
